Name,Ticker,Earth Pillar,Twitter handle,Twitter Id
3M CO,MMM,53.99%,3M,378197959
ABBOTT LABORATORIES,ABT,60.59%,abbottglobal,
ABBVIE,ABBV,55.59%,abbvie,
ABIOMED,ABMD,0.00%,abiomed,
ACCENTURE PLC,ACN,70.12%,accenture,
ANALOG DEVICES,ADI,58.62%,adi_news,
ARCHER-DANIELS-MIDLAND CO,ADM,51.17%,ADMAgriculture,
ADOBE,ADBE,76.63%,Adobe,
AUTOMATIC DATA PROCESSING,ADP,34.43%,ADP,
ADVANCE AUTO PARTS,AAP,37.55%,AdvanceAuto,
AMERICAN ELECTRIC POWER COMPANY,AEP,52.66%,AEPnews,
AFLAC,AFL,44.23%,aflac,
AGILENT TECHNOLOGIES,A,63.77%,agilent,
AMERICAN INTERNATIONAL GROUP,AIG,31.26%,AIGinsurance,
AIR PRODUCTS AND CHEMICALS,APD,34.42%,AirProducts,
AKAMAI TECHNOLOGIES,AKAM,30.28%,Akamai,19622847
ALASKA AIR GROUP,ALK,23.81%,alaskaair,
ALBEMARLE CORP,ALB,50.64%,AlbemarleCorp,342316270
ALIGN TECHNOLOGY,ALGN,3.56%,AlignTechInc,9.88456E+17
ALLEGION PLC,ALLE,2.90%,AllegionPlc,1516733046
ALLIANT ENERGY CORP,LNT,31.67%,AlliantEnergy,14777626
ALLSTATE CORP,ALL,41.41%,allstate,
ALPHABET CLASS A,GOOGL,58.27%,AlphabetInc,406891427
PHILIP MORRIS INTERNATIONAL,PM,66.29%,altrianews,267893832
ALTRIA GROUP,MO,59.65%,AltriaNews,267893832
AMAZON.COM,AMZN,26.94%,Amazon,20793816
ADVANCED MICRO DEVICES,AMD,74.56%,amd,
AMEREN CORP,AEE,34.32%,amerencorp,
AMERICAN AIRLINES GROUP,AAL,35.58%,americanair,
AMERICAN EXPRESS CO,AXP,71.94%,americanexpress,
AMERICAN TOWER CORP,AMT,45.34%,AmericanTowerUS,
AMERIPRISE FINANCIAL,AMP,63.68%,Ameriprise,
AMETEK,AME,46.68%,AMETEKInc,
AMGEN,AMGN,69.19%,amgen,28436760
AMPHENOL CORP,APH,48.70%,Amphenol,
AMERICAN WATER WORKS COMPANY,AWK,44.34%,amwater,25565709
ANSYS,ANSS,46.73%,Ansys,
ANTHEM,ANTM,72.36%,AnthemInc,
AON PLC,AON,36.42%,Aon_plc,
A O SMITH CORP,AOS,42.19%,AOSmithHotWater,
APA CORP (US),APA,30.35%,APA_Corp,57098362
APPLE,AAPL,71.29%,Apple,
APPLIED MATERIALS,AMAT,69.44%,applied_blog,1.03528E+18
APTIV PLC,APTV,57.84%,Aptiv,815759221
ARISTA NETWORKS,ANET,62.22%,AristaNetworks,
REGIONS FINANCIAL CORP,RF,49.84%,AskRegions,
ASSURANT,AIZ,59.66%,Assurant,600986080
ATMOS ENERGY CORP,ATO,0.65%,atmosenergy,29976734
AT&T,T,56.25%,ATT,14620190
ACTIVISION BLIZZARD,ATVI,3.36%,atvi_ab,7.53671E+17
AUTODESK,ADSK,56.01%,autodesk,31957731
AUTOZONE,AZO,44.12%,autozone,
AVALONBAY COMMUNITIES,AVB,45.76%,AvalonBay,
AVERY DENNISON CORP,AVY,54.50%,averydennison,
BROWN & BROWN,BRO,0.00%,b_binsurance,9.2608E+17
BALL CORP,BLL,56.87%,ballcorpHQ,
BANK OF AMERICA CORP,BAC,71.31%,BankofAmerica,
BATH & BODY WORKS,BBWI,55.46%,bathbodyworks,249203600
BAXTER INTERNATIONAL,BAX,59.14%,baxter_intl,
BEST BUY CO,BBY,58.58%,BBYNews,
BECTON DICKINSON AND CO,BDX,63.55%,BDandCo,
BAKER HUGHES CO,BKR,57.53%,bhinc,
BIOGEN,BIIB,70.14%,Biogen,
BIO RAD LABORATORIES,BIO,10.05%,BioRad,559118259
BIO-TECHNE CORP,TECH,4.04%,Biotechne,
BLACKROCK,BLK,36.79%,BlackRock_News,2550705541
BRISTOL-MYERS SQUIBB CO,BMY,62.27%,BMSNEWS,34010976
BANK OF NEW YORK MELLON CORP,BK,63.69%,bnymellon,167562319
BOEING CO,BA,56.07%,Boeing,
BOOKING HOLDINGS,BKNG,45.00%,BookingHoldings,
BORGWARNER,BWA,49.65%,BorgWarner,
BOSTON SCIENTIFIC CORP,BSX,65.57%,BostonSci,214210756
BROADCOM,AVGO,48.49%,Broadcom,
BROADRIDGE FINANCIAL SOLUTIONS,BR,28.09%,Broadridge,15069827
BROWN-FORMAN CORP,BF.B,50.14%,BrownFormanJobs,1.20659E+18
BOSTON PROPERTIES,BXP,52.89%,bxpBoston,8.67455E+17
CADENCE DESIGN SYSTEMS,CDNS,51.44%,cadence,18793792
CAESARS ENTERTAINMENT,CZR,0.00%,CaesarsEnt,164528815
CAMPBELL SOUP CO,CPB,50.94%,CampbellSoupCo,37008048
CAPITAL ONE FINANCIAL CORP,COF,65.45%,CapitalOne,364477412
CARDINAL HEALTH,CAH,61.80%,cardinalhealth,256225105
CARMAX,KMX,24.46%,carmax,7023592
CARNIVAL CORP,CCL,36.17%,carnivalcruise,6329632
CARRIER GLOBAL CORP,CARR,50.32%,carrier,2232071664
CATALENT,CTLT,38.55%,catalentPharma,120578352
CATERPILLAR,CAT,55.58%,caterpillarInc,15101714
CBOE GLOBAL MARKETS,CBOE,60.65%,cboe,16827489
CONSTELLATION BRANDS,STZ,8.25%,CBrands,8.98196E+17
CBRE GROUP,CBRE,58.58%,cbre,34675715
CDW CORP,CDW,4.73%,CDWCorp,462122963
CELANESE CORP,CE,36.99%,celanesecorp,19343329
CENTENE CORP,CNC,31.60%,centene,24017926
CERIDIAN HCM HOLDING,CDAY,1.26%,ceridian,78029386
CERNER CORP,CERN,21.58%,Cerner,34710922
CF INDUSTRIES HOLDINGS,CF,25.41%,CFIndustries,48437937
CHARLES SCHWAB CORP,SCHW,6.28%,charlesschwab,132703700
CHARTER COMMUNICATIONS,CHTR,3.52%,CharterNewsroom,121165704
CHEVRON CORP,CVX,34.54%,Chevron,21021891
CHIPOTLE MEXICAN GRILL,CMG,28.07%,ChipotleTweets,141341662
CH ROBINSON WORLDWIDE,CHRW,51.47%,CHRobinson,259440099
CHUBB LTD,CB,66.98%,ChubbInsurance,
CHURCH & DWIGHT CO,CHD,53.11%,ChurchDwightMex,1149306498
CIGNA CORP,CI,72.12%,cigna,37687077
CINTAS CORP,CTAS,41.33%,CintasCorp,17908262
CITIGROUP,C,63.01%,Citi,79320096
CITIZENS FINANCIAL GROUP,CFG,27.90%,CitizensBank,210953833
CITRIX SYSTEMS,CTXS,31.58%,Citrix,12492842
CME GROUP,CME,5.00%,CMEGroup,15935591
CENTERPOINT ENERGY,CNP,23.58%,CNPalerts,97480523
COCA-COLA CO,KO,49.49%,CocaCola,26787673
COGNIZANT TECHNOLOGY SOLUTIONS CORP,CTSH,63.98%,Cognizant,69687111
COLGATE-PALMOLIVE CO,CL,60.97%,colgate,21778607
COMERICA,CMA,66.57%,ComericaBank,634100844
CONAGRA BRANDS,CAG,49.93%,ConAgraFoods,4441317017
CONSOLIDATED EDISON,ED,28.42%,ConEdison,20262083
CONOCOPHILLIPS,COP,40.36%,conoco,15725217
CONSTELLATION ENERGY CORP,CEG,8.25%,ConstellationEG,35742491
COPART,CPRT,1.00%,CopartDirect,847432842
CORNING,GLW,10.00%,corninggorilla,201837925
CORTEVA,CTVA,39.50%,CortevaUS,65664531
COSTCO WHOLESALE CORP,COST,41.10%,Costco_USA,2252622168
COTERRA ENERGY,CTRA,3.10%,CoterraEnergy,317777055
CHARLES RIVER LABORATORIES INTERNATIONAL,CRL,36.76%,CRiverLabs,86455649
CROWN CASTLE INTERNATIONAL CORP,CCI,47.41%,CrownCastle,2314333092
NORWEGIAN CRUISE LINE HOLDINGS LTD,NCLH,19.26%,CruiseNorwegian,17045115
CSX CORP,CSX,39.37%,CSX,15724503
CUMMINS,CMI,54.38%,Cummins,87299367
CVS HEALTH CORP,CVS,66.20%,CVS_Extra,8.21033E+17
DARDEN RESTAURANTS,DRI,5.18%,DardenGroup,1079971364
DAVITA,DVA,50.48%,DaVita,28676469
DELTA AIR LINES,DAL,23.86%,Delta,5920532
DENTSPLY SIRONA,XRAY,54.05%,DentsplySirona,132189140
DEVON ENERGY CORP,DVN,30.13%,DevonCareers,2165208194
DIGITAL REALTY TRUST,DLR,40.92%,digitalrealty,40245544
DISCOVER FINANCIAL SERVICES,DFS,5.49%,Discover,16147150
DISH NETWORK CORP,DISH,1.90%,Dish,17170147
WALT DISNEY CO,DIS,60.89%,disney,67418441
DOLLAR GENERAL CORP,DG,1.06%,DollarGeneral,84087294
DOLLAR TREE,DLTR,36.36%,dollartree,94558801
DOMINION ENERGY,D,39.13%,DominionEnergy,82653001
DOMINO'S PIZZA,DPZ,1.26%,Dominos,31444922
DOVER CORP,DOV,34.25%,DoverCorp,602108840
DOW,DOW,26.86%,DowChemical,1.09865E+18
D R HORTON,DHI,0.00%,DRHorton,113137199
DTE ENERGY CO,DTE,40.59%,dte_energy,56693003
DUKE ENERGY CORP,DUK,31.38%,DukeEnergy,81192849
DUKE REALTY CORP,DRE,0.00%,DukeRealty,2615571337
DUPONT DE NEMOURS,DD,36.51%,dupont_news,24054721
DXC TECHNOLOGY CO,DXC,55.54%,DXCTechnology,599689553
EASTMAN CHEMICAL CO,EMN,40.39%,EastmanChemCo,76979060
EATON CORPORATION PLC,ETN,58.44%,EatonCorp,19032584
EBAY,EBAY,60.32%,eBay,19709040
ECOLAB,ECL,55.59%,Ecolab,250684710
EDISON INTERNATIONAL,EIX,37.12%,edisonintl,304573348
EDWARDS LIFESCIENCES CORP,EW,56.23%,EdwardsLifesci,3040464564
ESTEE LAUDER COMPANIES,EL,70.66%,ELCompanies,316477952
EMERSON ELECTRIC CO,EMR,29.50%,Emerson_News,62622531
ENPHASE ENERGY,ENPH,3.92%,Enphase,250395496
ENTERGY CORP,ETR,32.59%,Entergy,34407641
EPAM SYSTEMS,EPAM,2.52%,EPAMSystems,26640695
EQUIFAX,EFX,27.84%,Equifax,268020193
EQUINIX,EQIX,39.62%,Equinix,29336816
EQUITY RESIDENTIAL,EQR,44.40%,EquityRes,351035923
ESSEX PROPERTY TRUST,ESS,45.48%,EssexApartments,25462882
COOPER COMPANIES,COO,3.42%,etn_electrical,60679847
ETSY,ETSY,61.44%,Etsy,11522502
EVEREST RE GROUP LTD,RE,28.60%,Everest_Re,172720073
EVERGY,EVRG,22.74%,EvergyPower,9.91152E+17
EVERSOURCE ENERGY,ES,51.45%,EversourceCorp,19933146
EXELON CORP,EXC,28.74%,exelon,62643747
EXPEDITORS INTERNATIONAL OF WASHINGTON,EXPD,56.75%,EXPDNewsflash,
EXPEDIA GROUP,EXPE,52.22%,ExpediaGroup,56421139
EXTRA SPACE STORAGE,EXR,38.22%,Extraspace,17379892
EXXON MOBIL CORP,XOM,33.58%,ExxonMobil,36665547
F5,FFIV,47.67%,F5,15136500
FACTSET RESEARCH SYSTEMS,FDS,49.73%,FactSet,17473062
FASTENAL CO,FAST,9.36%,FastenalCompany,109268832
FORTUNE BRANDS HOME & SECURITY,FBHS,44.03%,FBHS_News,384573981
FEDERAL REALTY INVESTMENT TRUST,FRT,46.96%,FederalRealty,76672941
FEDEX CORP,FDX,48.29%,FedEx,134887156
FIFTH THIRD BANCORP,FITB,64.05%,fifththird,231213589
FIRSTENERGY CORP,FE,45.21%,FirstEnergyCorp,59839012
FIRST REPUBLIC BANK,FRC,3.02%,FirstRepublic,34715589
FISERV,FISV,0.80%,fiserv,18506925
FIDELITY NATIONAL INFORMATION SERVICES,FIS,49.76%,FISGlobal,80619946
FLEETCOR TECHNOLOGIES,FLT,2.28%,Fleetcor,1.22213E+18
FREEPORT-MCMORAN,FCX,48.74%,FM_FCX,298036114
FMC CORP,FMC,54.82%,FMCCorp,733462130
FORD MOTOR CO,F,63.63%,Ford,15676492
FORTINET,FTNT,3.66%,Fortinet,13967482
FORTIVE CORP,FTV,44.08%,FortiveCorp,7.59119E+17
FOX CORP,FOXA,3.42%,Foxcorp,1.24285E+18
FRANKLIN RESOURCES,BEN,28.03%,FTI_US,337853585
ARTHUR J GALLAGHER & CO,AJG,30.10%,GallagherGlobal,123675833
GARMIN LTD,GRMN,10.22%,Garmin,15324722
GARTNER,IT,54.89%,Gartner_Inc,15231287
GENERAC HOLDINGS,GNRC,1.24%,Generac,91196880
GENERAL DYNAMICS CORP,GD,31.20%,GeneralDynamics,1.06783E+18
GENERAL ELECTRIC CO,GE,56.19%,generalelectric,267399199
GENERAL MILLS,GIS,59.73%,generalmills,280557152
GENUINE PARTS CO,GPC,51.75%,GenuinePartsCo,1.09245E+18
GILEAD SCIENCES,GILD,24.73%,GileadSciences,309728693
GLOBAL PAYMENTS,GPN,54.39%,GlobalPayInc,478912243
GLOBE LIFE,GL,4.08%,GlobeLife,58502355
GENERAL MOTORS CO,GM,60.39%,GM,10850192
GOLDMAN SACHS GROUP,GS,81.90%,GoldmanSachs,253167239
W W GRAINGER,GWW,54.09%,grainger,155541003
HALLIBURTON CO,HAL,42.17%,halliburton,288290125
HASBRO,HAS,76.44%,Hasbro,78482616
HCA HEALTHCARE,HCA,4.32%,hcahealthcare,64481865
AMERISOURCEBERGEN CORP,ABC,71.19%,Healthcare_ABC,288863891
HENRY SCHEIN,HSIC,40.00%,HenrySchein,17610945
HERSHEY CO,HSY,62.07%,Hersheys,300878069
HESS CORP,HES,41.98%,HessCorporation,44996346
HILTON WORLDWIDE HOLDINGS,HLT,31.13%,HiltonHotels,64510593
HOLOGIC,HOLX,51.65%,Hologic,30007936
HOME DEPOT,HD,55.44%,HomeDepot,14791918
HONEYWELL INTERNATIONAL,HON,43.25%,HoneywellNow,257492733
HORMEL FOODS CORP,HRL,50.06%,HormelFoods,12494562
HOST HOTELS & RESORTS,HST,40.08%,HostHotelsInc,9.73896E+17
HOWMET AEROSPACE,HWM,42.21%,HowmetAerospace,1.14678E+18
HEWLETT PACKARD ENTERPRISE CO,HPE,62.23%,HPNews,4066432336
HP,HPQ,76.18%,HPNews,4066432336
HUMANA,HUM,72.03%,humana,24160942
HUNTINGTON BANCSHARES,HBAN,50.56%,Huntington_Bank,78067917
INTERNATIONAL BUSINESS MACHINES CORP,IBM,72.40%,IBM,18994444
INTERCONTINENTAL EXCHANGE,ICE,29.79%,ICE_Markets,25570548
IDEX CORP,IEX,52.40%,IDEXCorp,1.13599E+18
IDEXX LABORATORIES,IDXX,48.74%,Idexx,33547339
INTERNATIONAL FLAVORS & FRAGRANCES,IFF,57.73%,IFF,2548353648
ILLUMINA,ILMN,56.06%,Illumina,46145761
INCYTE CORP,INCY,29.76%,Incyte,3911174913
INTEL CORP,INTC,65.90%,intel,2803191
CLOROX CO,CLX,43.99%,intent,
INTERPUBLIC GROUP OF COMPANIES,IPG,54.72%,InterpublicIPG,378077984
INTERNATIONAL PAPER CO,IP,28.74%,IntlPaperCo,1454477221
INTUIT,INTU,15.63%,Intuit,1125071
INTUITIVE SURGICAL,ISRG,6.32%,IntuitiveSurg,602132594
INVESCO LTD,IVZ,65.04%,InvescoLtd,436817099
IPG PHOTONICS CORP,IPGP,39.56%,IPGPhotonics,8.93144E+17
IQVIA HOLDINGS,IQV,27.65%,IQVIA_US,3236469275
IRON MOUNTAIN,IRM,42.86%,IronMountain,21429357
INGERSOLL RAND,IR,41.57%,IRProducts,84102765
ILLINOIS TOOL WORKS,ITW,50.76%,ITWInc,101844704
JACK HENRY & ASSOCIATES,JKHY,0.00%,JackHenryAssoc,632295860
JACOBS ENGINEERING GROUP,J,61.21%,JacobsConnects,14245324
J B HUNT TRANSPORT SERVICES,JBHT,21.94%,jbhunt360,2528862373
J M SMUCKER CO,SJM,48.04%,JMSmuckerCo,1.2708E+18
JOHNSON & JOHNSON,JNJ,68.65%,JNJNews,20457806
DEERE & CO,DE,61.56%,johndeere,18726666
JOHNSON CONTROLS INTERNATIONAL PLC,JCI,52.65%,JohnsonControls,1280469980
JPMORGAN CHASE & CO,JPM,75.72%,JPMorgan,1155522630
JUNIPER NETWORKS,JNPR,43.82%,JuniperNetworks,14775374
KIMBERLY-CLARK CORP,KMB,55.07%,KCCorp,151233724
KELLOGG CO,K,52.02%,KelloggCompany,454213077
KEYCORP,KEY,51.86%,KeyBank,488904431
KEYSIGHT TECHNOLOGIES,KEYS,55.35%,Keysight,2155032368
KIMCO REALTY CORP,KIM,44.97%,KimcoRealty,122393786
KINDER MORGAN,KMI,29.54%,Kinder_Morgan,103085208
KLA CORP,KLAC,56.01%,KLACorp,297676668
KRAFT HEINZ CO,KHC,39.83%,KraftHeinzCo,114816952
KROGER CO,KR,50.24%,Kroger,36359791
L3HARRIS TECHNOLOGIES,LHX,47.56%,L3HarrisTech,87228706
LABORATORY CORPORATION OF AMERICA HOLDINGS,LH,25.38%,LabCorp,57214964
LAMB WESTON HOLDINGS,LW,57.34%,LambWeston,2209322293
LAM RESEARCH CORP,LRCX,69.02%,lamresearch,16686919
LAS VEGAS SANDS CORP,LVS,46.02%,LasVegasSands,278895111
LEIDOS HOLDINGS,LDOS,68.20%,LeidosInc,247365368
ELI LILLY AND CO,LLY,58.85%,LillyPad,172496840
LINCOLN NATIONAL CORP,LNC,68.06%,lincolnfingroup,48580514
LINDE PLC,LIN,36.18%,LindePLC,29173469
LIVE NATION ENTERTAINMENT,LYV,3.28%,LiveNation,9629222
LKQ CORP,LKQ,46.18%,LKQCorp,165771313
LOCKHEED MARTIN CORP,LMT,59.22%,lockheedmartin,42871498
LOEWS CORP,L,3.02%,Loews_Hotels,29271362
LOWE'S COMPANIES,LOW,51.85%,lowes,19336500
LUMEN TECHNOLOGIES,LUMN,28.90%,LumenTechCo,1.26347E+18
LYONDELLBASELL INDUSTRIES NV,LYB,32.22%,LyondellBasell,135221263
MID-AMERICA APARTMENT COMMUNITIES,MAA,36.52%,MAACommunities,267247258
M&T BANK CORP,MTB,56.07%,mandt_bank,82382893
MARATHON OIL CORP,MRO,32.11%,MarathonOil,15766628
MARATHON PETROLEUM CORP,MPC,34.28%,MarathonPetroCo,320962473
MARKETAXESS HOLDINGS,MKTX,2.28%,MarketAxess,351146171
MARRIOTT INTERNATIONAL,MAR,37.29%,MarriottIntl,14140913
MARTIN MARIETTA MATERIALS,MLM,15.56%,MartinMarietta,180912714
MASCO CORP,MAS,48.83%,MascoCareers,
MASTERCARD,MA,69.90%,Mastercard,75014376
MATCH GROUP,MTCH,0.00%,Match,19013415
MCCORMICK & COMPANY,MKC,57.14%,McCormickCorp,3031338755
MCDONALD'S CORP,MCD,54.08%,mcdonalds,71026122
MCKESSON CORP,MCK,45.21%,McKesson,148872151
MONDELEZ INTERNATIONAL,MDLZ,54.40%,MDLZ,2215976798
MEDTRONIC PLC,MDT,56.17%,Medtronic,52846066
MERCK & CO,MRK,65.66%,merck,35961145
META PLATFORMS,FB,59.08%,Meta,2425151
METLIFE,MET,68.86%,metlife,78661839
METTLER-TOLEDO INTERNATIONAL,MTD,60.96%,MettlerToledo,532952294
MGM RESORTS INTERNATIONAL,MGM,46.40%,MGMResortsIntl,2216675940
MOHAWK INDUSTRIES,MHK,33.28%,mhkgreenworks,30042497
MICROCHIP TECHNOLOGY,MCHP,32.30%,MicrochipTech,16351266
MICRON TECHNOLOGY,MU,45.82%,MicronTech,19037711
MICROSOFT CORP,MSFT,65.52%,Microsoft,74286565
MARSH & MCLENNAN COMPANIES,MMC,34.19%,mmc_global,1.35521E+18
MODERNA,MRNA,2.28%,Moderna_Tx,2227355222
MOLINA HEALTHCARE,MOH,2.02%,Molinahealth,57071887
MOLSON COORS BEVERAGE CO,TAP,50.02%,MolsonCoors,441998843
MONOLITHIC POWER SYSTEMS,MPWR,1.02%,MonolithicPower,261871704
MONSTER BEVERAGE CORP,MNST,3.54%,MonsterEnergy,63253045
MOODY'S CORP,MCO,63.36%,MoodysCorp,256648662
MORGAN STANLEY,MS,59.71%,MorganStanley,426159377
MOSAIC CO,MOS,42.66%,MosaicCompany,27674257
MOTOROLA SOLUTIONS,MSI,66.20%,MotoSolutions,195702287
MSCI,MSCI,27.52%,MSCI_Inc,59155308
NASDAQ,NDAQ,66.23%,Nasdaq,18639734
NETAPP,NTAP,25.37%,NetApp,15897465
NETFLIX,NFLX,58.74%,Netflix,16573941
NEWMONT CORPORATION,NEM,53.37%,Newmontcorp,437789543
NEWS CORP,NWSA,28.53%,NewsCorp,1516521758
NEXTERA ENERGY,NEE,34.23%,NexteraEnergy,94190179
NIELSEN HOLDINGS PLC,NLSN,54.16%,Nielsen,15996830
NIKE,NKE,58.40%,Nike,415859364
NISOURCE,NI,48.41%,NiSourceInc,2329361226
NORDSON CORP,NDSN,3.02%,NordsonCorp,
NORTHERN TRUST CORP,NTRS,37.58%,NorthernTrust,308506248
NORTHROP GRUMMAN CORP,NOC,60.98%,NorthropGrumman,15840909
NORTONLIFELOCK,NLOK,60.63%,NortonLifeLock,1.17398E+18
NRG ENERGY,NRG,40.48%,nrgenergy,32880255
NORFOLK SOUTHERN CORP,NSC,41.46%,nscorp,66472414
NUCOR CORP,NUE,36.45%,NucorCorp,361259570
NVR,NVR,1.28%,NVHomes1979,415794203
NVIDIA CORP,NVDA,63.41%,Nvidia,61559439
NEWELL BRANDS,NWL,44.32%,nwlrubbermaid,
NXP SEMICONDUCTORS NV,NXPI,52.06%,NXP,14687741
OLD DOMINION FREIGHT LINE,ODFL,3.38%,ODFLInc,96773798
OMNICOM GROUP,OMC,58.88%,omnicom,1666100959
ONEOK,OKE,29.29%,ONEOK,64834590
ORACLE CORP,ORCL,60.99%,Oracle,809273
O'REILLY AUTOMOTIVE,ORLY,2.52%,oreillyauto,32516857
OTIS WORLDWIDE CORP,OTIS,54.35%,OtisElevatorCo,558801260
PACKAGING CORP OF AMERICA,PKG,37.25%,PackagingCorp,2645632766
PARAMOUNT GLOBAL,PARA,55.18%,ParamountGlbl,247443569
PARKER-HANNIFIN CORP,PH,45.20%,ParkerHannifin,112423234
PAYCHEX,PAYX,53.09%,Paychex,39750799
PAYCOM SOFTWARE,PAYC,0.00%,Paycom,19359597
PAYPAL HOLDINGS,PYPL,63.50%,PayPal,30018058
PENTAIR PLC,PNR,56.69%,Pentair,3070701243
PEPSICO,PEP,61.24%,pepsico,21346619
PERKINELMER,PKI,43.15%,PerkinElmer,128564900
PFIZER,PFE,55.40%,pfizer_news,540233480
PHILLIPS 66,PSX,32.46%,Phillips66Co,405085229
PNC FINANCIAL SERVICES GROUP,PNC,63.78%,pncbank,40059448
PENN NATIONAL GAMING,PENN,3.78%,PNGamingInc,2904164819
POOL CORP,POOL,2.38%,Poolcorp,3227191237
PPG INDUSTRIES,PPG,49.31%,ppgindustries,7.84003E+17
PPL CORP,PPL,29.29%,PPLCorp,424435659
PROCTER & GAMBLE CO,PG,51.08%,ProcterGamble,27025414
PROGRESSIVE CORP,PGR,6.56%,progressive,3331681
PROLOGIS,PLD,50.94%,Prologis,108336372
PRUDENTIAL FINANCIAL,PRU,50.74%,Prudential,1194947442
PUBLIC SERVICE ENTERPRISE GROUP,PEG,51.72%,PSEGdelivers,145331696
PTC,PTC,1.12%,PTC,207505157
PUBLIC STORAGE,PSA,41.98%,PublicStorage,25362591
PULTEGROUP,PHM,4.10%,PulteHomes,16630436
PVH CORP,PVH,55.71%,PVHCorp,9.96013E+17
PIONEER NATURAL RESOURCES CO,PXD,40.60%,PXDtweets,979244048
QORVO,QRVO,48.42%,QorvoInc,2792823936
QUALCOMM,QCOM,61.92%,Qualcomm,84623395
QUANTA SERVICES,PWR,0.00%,Quanta_Services,2478412250
QUEST DIAGNOSTICS,DGX,46.52%,QuestDX,76481951
RALPH LAUREN CORP,RL,54.61%,RalphLauren,34395888
RAYMOND JAMES FINANCIAL,RJF,1.50%,RaymondJames,17981602
RAYTHEON TECHNOLOGIES CORP,RTX,57.42%,raytheon,1.25083E+18
REALTY INCOME CORP,O,74.62%,RealtyIncome,475255646
REGENCY CENTERS CORP,REG,60.60%,RegencyCenters,105159738
REGENERON PHARMACEUTICALS,REGN,55.56%,Regeneron,23077762
REPUBLIC SERVICES,RSG,24.42%,RepublicService,236230377
RESMED,RMD,65.89%,ResMed,522734100
ROBERT HALF INTERNATIONAL,RHI,34.67%,roberthalf,16637298
ROCKWELL AUTOMATION,ROK,55.92%,ROKAutomation,44627268
ROSS STORES,ROST,45.70%,Ross_Stores,4261659374
ROYAL CARIBBEAN CRUISES LTD,RCL,37.74%,RoyalCaribbean,36144455
SALESFORCE,CRM,57.98%,Salesforce,33612317
SEAGATE TECHNOLOGY HOLDINGS PLC,STX,55.72%,Seagate,14762127
SEALED AIR CORP,SEE,42.98%,Sealed_Air,59841697
SEMPRA ENERGY,SRE,37.05%,sempraenergy,1.40491E+18
SERVICENOW,NOW,52.64%,ServiceNow,15766070
CISCO SYSTEMS,CSCO,63.19%,share,
ELECTRONIC ARTS,EA,24.98%,share,
LENNAR CORP,LEN,2.02%,share,
SHERWIN-WILLIAMS CO,SHW,46.73%,SherwinWilliams,111372861
SIMON PROPERTY GROUP,SPG,42.82%,shopsimon,344035684
SKYWORKS SOLUTIONS,SWKS,48.81%,SkyworksInc,50125539
SNAP-ON,SNA,7.91%,Snapon_Tools,18892107
SOLAREDGE TECHNOLOGIES,SEDG,52.30%,SolarEdgePV,45171924
SOUTHERN CO,SO,30.12%,southerncompany,15864671
SOUTHWEST AIRLINES CO,LUV,32.96%,SouthwestAir,7212562
S&P GLOBAL,SPGI,68.35%,SPGlobal,110522065
STANLEY BLACK & DECKER,SWK,65.07%,StanleyBlkDeckr,117789943
STARBUCKS CORP,SBUX,59.51%,starbucks,30973
STATE STREET CORP,STT,79.09%,StateStreet,331877987
STERIS PLC,STE,4.52%,Steris,223830012
STRYKER CORP,SYK,53.01%,Stryker_ST,286291988
SVB FINANCIAL GROUP,SIVB,31.20%,SVB_Financial,17396865
SYNCHRONY FINANCIAL,SYF,55.82%,synchrony,16366375
SYNOPSYS,SNPS,4.02%,Synopsys,17427993
SYSCO CORP,SYY,54.53%,Sysco,823523768
TARGET CORP,TGT,55.92%,Target,89084561
TE CONNECTIVITY LTD,TEL,57.74%,TEConnectivity,29162590
TELEFLEX,TFX,4.82%,TeleflexInc,26736411
TERADYNE,TER,57.01%,teradyneinc,48026449
TESLA,TSLA,23.12%,Tesla,13298072
TEXTRON,TXT,51.42%,textron,1491310134
AES CORP,AES,22.50%,TheAESCorp,2541746143
HARTFORD FINANCIAL SERVICES GROUP,HIG,82.42%,TheHartford,19614674
PRINCIPAL FINANCIAL GROUP,PFG,36.78%,ThePrincipal,
THERMO FISHER SCIENTIFIC,TMO,33.15%,ThermoFisher,62862144
UDR,UDR,30.64%,TheTeamUDR,1.16243E+18
TJX COMPANIES,TJX,52.13%,TJMaxx,9541782
T-MOBILE US,TMUS,54.92%,TMobile,17338082
TRACTOR SUPPLY CO,TSCO,49.77%,TractorSupply,741195889
TRANE TECHNOLOGIES PLC,TT,63.23%,Trane_Tech,18988151
TRAVELERS COMPANIES,TRV,33.33%,Travelers,17640219
TRIMBLE,TRMB,49.65%,TrimbleCorpNews,1499430715
T ROWE PRICE GROUP,TROW,42.02%,TRowePrice,18639872
TRUIST FINANCIAL CORP,TFC,48.40%,TruistNews,1.13847E+18
TWITTER,TWTR,3.02%,Twitter,783214
TEXAS INSTRUMENTS,TXN,58.31%,txinstruments,13613292
TYLER TECHNOLOGIES,TYL,3.92%,TylerTech,74166588
TYSON FOODS,TSN,48.29%,TysonFoods,15836048
UNIVERSAL HEALTH SERVICES,UHS,2.02%,uhs_inc,263806268
ULTA BEAUTY,ULTA,5.96%,UltaBeauty,28134825
UNDER ARMOUR,UAA,7.84%,UnderArmour,23114836
UNION PACIFIC CORP,UNP,34.75%,UnionPacific,17629628
UNITED AIRLINES HOLDINGS,UAL,31.35%,United,260907612
UNITED RENTALS,URI,42.14%,United_Rentals,1.10548E+18
UNITEDHEALTH GROUP,UNH,72.57%,UnitedHealthGrp,917104380
UNITED PARCEL SERVICE,UPS,47.91%,UPS,158129535
US BANCORP,USB,8.64%,USBank,15577098
VALERO ENERGY CORP,VLO,30.28%,ValeroEnergy,8.46806E+17
VENTAS,VTR,42.12%,VentasREIT,9.10241E+17
VERISIGN,VRSN,6.51%,Verisign,19775248
VERISK ANALYTICS,VRSK,4.92%,Verisk,25161572
VERIZON COMMUNICATIONS,VZ,52.18%,Verizon,59889953
VERTEX PHARMACEUTICALS,VRTX,37.52%,VertexPharma,17542775
VF CORP,VFC,65.83%,VFCorp,3201751330
VIATRIS,VTRS,52.64%,ViatrisInc,1.19408E+18
VISA,V,63.61%,Visa,551373363
WALMART,WMT,32.85%,walmart,17137891
WASTE MANAGEMENT,WM,43.54%,WasteManagement,17634248
WATERS CORP,WAT,56.76%,WatersCorp,56758053
WALGREENS BOOTS ALLIANCE,WBA,53.36%,WBA_Global,1.23203E+18
HUNTINGTON INGALLS INDUSTRIES,HII,0.14%,WeAreHII,247416314
OCCIDENTAL PETROLEUM CORP,OXY,35.03%,WeAreOxy,42641711
WEC ENERGY GROUP,WEC,32.97%,WECEnergyGroup,2581056602
WELLS FARGO & CO,WFC,69.66%,wellsfargo,1178011
WELLTOWER,WELL,36.75%,Welltower,3655648575
WESTERN DIGITAL CORP,WDC,57.13%,westerndigital,8.27296E+17
WEST PHARMACEUTICAL SERVICES,WST,46.60%,WestPharma,71593811
WESTROCK CO,WRK,25.51%,WestRock,189176466
WEYERHAEUSER CO,WY,49.89%,Weyerhaeuser,374162887
WHIRLPOOL CORP,WHR,56.24%,WhirlpoolCorp,17288348
WILLIAMS COMPANIES,WMB,32.26%,WilliamsUpdates,19366287
W R BERKLEY CORP,WRB,2.92%,WRBerkleyCorp,347308370
WILLIS TOWERS WATSON PLC,WTW,5.26%,WTWhr,18253092
WYNN RESORTS LTD,WYNN,37.22%,WynnLasVegas,31240434
XCEL ENERGY,XEL,32.83%,XcelEnergyMN,31226292
COMCAST CORP,CMCSA,50.70%,XFINITY,14996251
XYLEM,XYL,58.84%,XylemWatermark,24750535
YUM! BRANDS,YUM,58.64%,Yumbrands,8845592
ZEBRA TECHNOLOGIES CORP,ZBRA,3.04%,ZebraTechnology,50418887
ZIMMER BIOMET HOLDINGS,ZBH,11.40%,ZimmerBiomet,258447339
ZIONS BANCORPORATION NA,ZION,2.02%,ZionsBank,17851604
ZOETIS,ZTS,47.77%,ZoetisUS,317318260
